asset_id,person,project,asset_layer,kind,local_path,derived_from,format_or_codec,width_px,height_px,duration_seconds,source_reported_dimensions_or_duration,source_page,source_media_url,derivation,rights_status,publish_status,notes,sha256
nw-72f2aa516325,anjali,Adobe,source,Portfolio still,assets/source/anjali/anjali-adobe-portrait.webp,,webp,750,626,,750×626,https://arao.squarespace.com/new-page-10/,https://images.squarespace-cdn.com/content/v1/56246b41e4b0a77217f66aed/1691454923058-QHE9SDX6KQVMAF0XIPHK/Screen+Shot+2023-08-07+at+2.33.06+PM.png?format=750w,public portfolio rendition,owner-review;replace-with-approved-master,prototype-only,Public portfolio asset supplied through the original brief; confirm project credit and reuse rights.,4b078310ac764a0c25018e30a704faf7d703ff988451e4895ab84de694b4df7a
nw-c68a7bc8657e,anjali,Rakuten,source,Motion-derived still,assets/source/anjali/anjali-rakuten.gif,,gif,600,338,,600×338,https://arao.squarespace.com/rakuten-produced/,https://images.squarespace-cdn.com/content/v1/56246b41e4b0a77217f66aed/1691442725277-0I7ERC6OIE004151VQP5/rakuten.gif?format=1000w,public portfolio rendition,owner-review;replace-with-approved-master,prototype-only,Static prototype derivative of the public portfolio GIF; obtain an approved motion master before publication.,ea987040f382a79e96ae5bd0662eecb7f927e4eb9a6ac8f06c755a1a8e8f96d5
nw-a7cf225cff83,anjali,Stella Artois,source,Portfolio still,assets/source/anjali/anjali-stella-artois.webp,,webp,1000,563,,1000×563,https://arao.squarespace.com/stella-produced/,https://images.squarespace-cdn.com/content/v1/56246b41e4b0a77217f66aed/1691430784833-K7H7SS36JTUK8ODGHKV9/Daydream+-+Stella+Artois+-+M.+Ward+Feat.+Alia.jpg?format=1000w,public portfolio rendition,owner-review;replace-with-approved-master,prototype-only,Public portfolio asset supplied through the original brief; confirm project credit and reuse rights.,e2ecb13696e435d216e0516e7306384b1e199bb0e64a805397858e8ec88e4d5a
nw-82c62bbcea8b,anjali,Stella Artois — Daydream,source,Owner-supplied source film,assets/source/anjali videos/liev_schreiber_-_daydream_stella_artois (1080p).mp4,,h264,1920,1080,6.015000,,https://arao.squarespace.com/stella-produced/,https://vimeo.com/439413250,Owner-supplied local film,owner-review,prototype-only,Supplied for this build; full project playback uses Vimeo and the local master stays outside public.,6de2ef436d9fae61463478f21ccec8ae2177729aa775e6667a85ee2fb98bd4a9
nw-a8d19ade6c90,anjali,Rakuten — Duet,source,Owner-supplied source film,assets/source/anjali videos/rakuten__duet (1080p).mp4,,h264,1920,1080,30.036667,,https://arao.squarespace.com/rakuten-produced/,https://vimeo.com/479336941,Owner-supplied local film,owner-review,prototype-only,Supplied for this build; full project playback uses Vimeo and the local master stays outside public.,0bcc00847e361b356b35a0c807e4285b9488fb7ffd9155c48e6c0eb9a3238965
nw-bbc1e8d79b52,anjali,Adobe — What Whack Wears,source,Owner-supplied source film,assets/source/anjali videos/what_whack_wears_case_study (1080p).mp4,,h264,1920,1080,93.845000,,https://arao.squarespace.com/new-page-10/,https://vimeo.com/720040595,Owner-supplied local film,owner-review,prototype-only,Supplied for this build; full project playback uses Vimeo and the local master stays outside public.,4318f8a8ed65ed6d1cf2a4b002f79a8d44b4295dab4508ed43c3d90bb41afa43
nw-aa34cac7bf01,oliver,,source,image,assets/source/brand/new-work-letter-kit/preview/new-work-letter-kit-preview.png,,png,1800,290,,,,,,owner-review;replace-with-approved-master,prototype-only,,041d8b70f346e0d2575228f2fcb83a04fa02ea3f6bfb9d24f9483eb9169cf89a
nw-336e0b250156,oliver,,source,image,assets/source/brand/new-work-sentence-clean-letter-kit/preview/new-work-sentence-clean-preview.png,,png,1800,359,,,,,,owner-review;replace-with-approved-master,prototype-only,,bde8aa43d50c25c41c2a209b857f9862897334f095a0d0c2b19cf81b4dd45be5
nw-247ba4583b7a,oliver,,source,image,assets/source/brand/new-work-title-letter-kit/preview/new-work-title-preview.png,,png,1800,290,,,,,,owner-review;replace-with-approved-master,prototype-only,,e072cb8730253845b5480f5ec443c8b6657f13075e602d95b5ad8bb8b7120f4e
nw-aca67d8272b3,michael,Arc,source,Still / WebP,assets/source/michael/michael_arc_product.webp,,webp,2500,2500,,2500×2500,https://newwork.agency/,https://images.squarespace-cdn.com/content/v1/62a2b5a7ed430f307ef60a37/79cb415f-8c93-4840-b569-898b15f23b97/Arc-ProductImage-bkg-2Colors-oneCord-KS.png,public portfolio rendition,owner-review;replace-with-approved-master,prototype-only,Project label is filename-derived; source depicts a paired corded product; served as WebP.,761b36cbece92988ac9e1636231a8ea918c94662b64fbfa9fcb2c9fa6740f159
nw-36346a229d1a,michael,Brava,source,Animated GIF,assets/source/michael/michael_brava.gif,,gif,1015,1015,,1015×1015; 4.0 s; 8 frames,https://newwork.agency/,https://images.squarespace-cdn.com/content/v1/62a2b5a7ed430f307ef60a37/a3cc085e-b26d-4d7f-aec1-100d7e344035/brava-gif.gif,public portfolio rendition,owner-review;replace-with-approved-master,prototype-only,Project label is filename-derived. Source GIF is retained.,06d9d3e90108882c5adbc381641370588efac135cdd6b8483e50dc8aa0dc18b0
nw-2b6d2e20496b,michael,Brava,source,working MP4 extract,assets/source/michael/michael_brava_clip.mp4,,h264,1080,1080,6.000000,1080×1080; 6.0 s,https://newwork.agency/,https://images.squarespace-cdn.com/content/v1/62a2b5a7ed430f307ef60a37/a3cc085e-b26d-4d7f-aec1-100d7e344035/brava-gif.gif,Six-second silent H.264 loop derived from the public GIF above,owner-review;replace-with-approved-master,prototype-only,Working web extract; request the original master for production.,a37a2542d23afc820a0478d0f89c0ee343a329ad3f3ab137877ac3f78846840c
nw-e422f1227e63,michael,Chanel test,source,Still / WebP,assets/source/michael/michael_chanel_test.webp,,webp,2290,2290,,2290×2290,https://newwork.agency/,https://images.squarespace-cdn.com/content/v1/62a2b5a7ed430f307ef60a37/1685743318588-725BDQMYI24GPBSZBERY/2022-6-28%2Bchanel%2Btest5899.jpg,public portfolio rendition,owner-review;replace-with-approved-master,prototype-only;do-not-publish-without-explicit-approval,Filename calls this a test; do not publish under Chanel without explicit approval. Served as WebP.,65162216c7315429b9e57be261577e91f6c18cddff70a25a32f3e4bb59c3582b
nw-ed9b9b337cf0,michael,Cradlewise,source,Still / WebP,assets/source/michael/michael_cradlewise_desktop.webp,,webp,1594,1993,,1594×1993,https://newwork.agency/,https://images.squarespace-cdn.com/content/v1/62a2b5a7ed430f307ef60a37/1686338034344-6A6Z3XVHU59W0SE3377M/2022-10-6%2BCRADLEWISE%2BDAY%2B2%2Bdesktop3793-Edit-Edit-Edit.jpg,public portfolio rendition,owner-review;replace-with-approved-master,prototype-only,Project label is filename-derived; served as WebP.,37696a104247d9a7833ccc1c83c9ed3eb77ff159f860362624dab9dab35fe483
nw-169864f00db1,michael,Dune / Tansy,source,Still / WebP,assets/source/michael/michael_dune_tansy.webp,,webp,2500,2000,,2500×2000,https://newwork.agency/,https://images.squarespace-cdn.com/content/v1/62a2b5a7ed430f307ef60a37/1771806887864-M9SEZ4ZJ6FMRJAXU8FBN/2022-9-8%2BDUNE%2BTANSY21219-Edit.jpg,public portfolio rendition,owner-review;replace-with-approved-master,prototype-only,Project label is filename-derived and ambiguous; served as WebP.,059b863285e8dcc33fedfa5f9d8b13089463e53940c8c60b543995960637f9ad
nw-719e68102568,michael,Fellow,source,Still / WebP,assets/source/michael/michael_fellow.webp,,webp,2500,2322,,2500×2322,https://newwork.agency/,https://images.squarespace-cdn.com/content/v1/62a2b5a7ed430f307ef60a37/ff196836-edc8-4d2e-90a9-f1462f0bb31e/fellow+33.jpg,public portfolio rendition,owner-review;replace-with-approved-master,prototype-only,Project label is filename-derived; served as WebP.,1879103a91e0683f5b8dc4f49ce721387e629fc869af47f006a9d0b1121b21a6
nw-78ffc8f24d20,michael,Miss Jones — pancake,source,Still / WebP,assets/source/michael/michael_miss_jones_pancake.webp,,webp,2500,3125,,2500×3125,https://newwork.agency/,https://images.squarespace-cdn.com/content/v1/62a2b5a7ed430f307ef60a37/fefb80b3-7bf1-4bce-932e-5ba7cbf20c43/2022-2-8+miss+jones+pancake20040.jpg,public portfolio rendition,owner-review;replace-with-approved-master,prototype-only,Project label is filename-derived; served as WebP.,488b80fb5cf47f899feb0875bc61117b689b196b763c979cbfd466d8a53c1b1c
nw-48ca448f5cab,michael,Molekule — in-office,source,Still / WebP,assets/source/michael/michael_molekule_office.webp,,webp,1667,1667,,1667×1667,https://newwork.agency/,https://images.squarespace-cdn.com/content/v1/62a2b5a7ed430f307ef60a37/1771807892071-GNLRQ2TV8SJ96Z6FMWCM/2021-4-16%252Bmolekule%252Binoffice%252Bshoot6020-Edit.jpg,public portfolio rendition,owner-review;replace-with-approved-master,prototype-only,Project label is filename-derived; served as WebP.,f794580943601c3d65295ca0652a3fd660d4fce597222c3a2191bd0fc5ef7da0
nw-7692976597cb,michael,Native — Cucumber Mint Pride,source,Still / WebP,assets/source/michael/michael_native_cucumber_mint_pride.webp,,webp,2500,3124,,2500×3124,https://newwork.agency/,https://images.squarespace-cdn.com/content/v1/62a2b5a7ed430f307ef60a37/1685742979023-28O1R6MEMUVOD2ZT2CQV/2021_DEC_NATIVE_CUCUMBER-MINT_BW_PRIDE_0025_BD.jpg,public portfolio rendition,owner-review;replace-with-approved-master,prototype-only,Project label is filename-derived; served as WebP.,f5dac235d603609f2236bb2314057be58321175e7a5035d55b902095dbd935a8
nw-cb9110e8c86a,michael,Unnamed native portfolio video,source,working MP4 extract,assets/source/michael/michael_native_portfolio_video_clip.mp4,,h264,640,360,8.008000,640×360; 8.008 s,https://newwork.agency/,https://video.squarespace-cdn.com/content/v1/62a2b5a7ed430f307ef60a37/559c4520-7336-431b-bd72-8ba8ab4c7c78/playlist.m3u8,"First eight seconds of the directly hosted Squarespace video, transcoded silently to H.264",owner-review;replace-with-approved-master,prototype-only,Portfolio metadata gives an 88.5885 s source at 16:9 but supplies no title or client. Confirm the project before use.,9f241a86ae9ffb250df45bbd22fbf8f23bcbdbaa1b9bbec7e5d52fe9957a7ff9
nw-1bf4d9990605,michael,Native — stop motion,source,Animated GIF,assets/source/michael/michael_native_stop_motion.gif,,gif,1166,1166,,1166×1166 canvas; 2.4 s; 12 frames,https://newwork.agency/,https://images.squarespace-cdn.com/content/v1/62a2b5a7ed430f307ef60a37/acf7abef-3426-4f4e-b295-229bf6b016f8/NATIVE_Stop_Motion_02_Working_1920x1080.gif,public portfolio rendition,owner-review;replace-with-approved-master,prototype-only,Project label is filename-derived. Source GIF is retained.,07c0a6a1301246d25041a3da6259696d1ae189324b6857f83c346249c427f372
nw-452e7cff7154,michael,Native — stop motion,source,working MP4 extract,assets/source/michael/michael_native_stop_motion_clip.mp4,,h264,1080,1080,6.000000,1080×1080; 6.0 s,https://newwork.agency/,https://images.squarespace-cdn.com/content/v1/62a2b5a7ed430f307ef60a37/acf7abef-3426-4f4e-b295-229bf6b016f8/NATIVE_Stop_Motion_02_Working_1920x1080.gif,Six-second silent H.264 loop derived from the public GIF above,owner-review;replace-with-approved-master,prototype-only,Working web extract; request the original master for production.,3b8c368e11224c5b3936b1c23919d753fd350ae76df7b4f2216b4327e7840923
nw-7e8e87345b11,michael,Specialized Globe,source,Animated GIF,assets/source/michael/michael_specialized_globe.gif,,gif,1500,1500,,1500×1500; 3.0 s; 6 frames,https://newwork.agency/,https://images.squarespace-cdn.com/content/v1/62a2b5a7ed430f307ef60a37/8527f002-8e20-4777-a59a-d4dae847d8c3/2022-9-25-SPECIALIZED-GLOBE0812.gif,public portfolio rendition,owner-review;replace-with-approved-master,prototype-only,Project label is filename-derived. Source GIF is retained.,f5913fd898d4284c0b9f6b236c90af643b810f6b36f9ffe87db09f40d7c50bac
nw-b5c8283b6496,michael,Specialized Globe,source,working MP4 extract,assets/source/michael/michael_specialized_globe_clip.mp4,,h264,1080,1080,6.000000,1080×1080; 6.0 s,https://newwork.agency/,https://images.squarespace-cdn.com/content/v1/62a2b5a7ed430f307ef60a37/8527f002-8e20-4777-a59a-d4dae847d8c3/2022-9-25-SPECIALIZED-GLOBE0812.gif,Six-second silent H.264 loop derived from the public GIF above,owner-review;replace-with-approved-master,prototype-only,Working web extract; request the original master for production.,6fff33884e0a78bb44898280a9ed9df898775d4246a92852a4f4674742e65c13
nw-d7ff0d2be9b6,michael,,source,image,assets/source/michael/portfolio-expansion/michael-8023156-uniform-portrait.webp,,webp,2500,3125,,,,,,owner-review;replace-with-approved-master,prototype-only,,ee7c0a13716e41dd576a4424f35d16af516a7a57125eaf160246d6cee8c965c0
nw-ed655a2a5da3,michael,,source,image,assets/source/michael/portfolio-expansion/michael-8024096-red-suit.webp,,webp,2083,1667,,,,,,owner-review;replace-with-approved-master,prototype-only,,c34e6f69ae86edacdcf112e3de2798e40019fa7ad2ed379a1a774dd3516424e8
nw-a2c7a3f87c7b,michael,,source,image,assets/source/michael/portfolio-expansion/michael-ad-interior.webp,,webp,1603,1069,,,,,,owner-review;replace-with-approved-master,prototype-only,,4b6d6ea06eddef9ca6c0d6b4e5da0dd6114a3af2a596d36c524e0f1519a84630
nw-3a434d097ac2,michael,,source,image,assets/source/michael/portfolio-expansion/michael-aw50273-dark-portrait.webp,,webp,1929,1543,,,,,,owner-review;replace-with-approved-master,prototype-only,,fc49d4565ae288fcf6f1dd909b8c61eedb63d239d04195c19466510600627d7a
nw-b3399ce7f1bc,michael,,source,image,assets/source/michael/portfolio-expansion/michael-aw50519-court-bw.webp,,webp,2185,1639,,,,,,owner-review;replace-with-approved-master,prototype-only,,0bdc3cc6502ec2c0232bfb22eb13f3eb2f2db114014daa83cbd3958844694869
nw-1725266b793e,michael,,source,image,assets/source/michael/portfolio-expansion/michael-aw51026-court-portrait.webp,,webp,1633,1633,,,,,,owner-review;replace-with-approved-master,prototype-only,,1fbb3157a6e220cdaa740d414d449b9ab00886c82c9532fbe9631b6e2705f36f
nw-3259721eb6e9,michael,,source,image,assets/source/michael/portfolio-expansion/michael-aw59536-group.webp,,webp,2344,2344,,,,,,owner-review;replace-with-approved-master,prototype-only,,5fcdf092f61fb6d30282e6800b0663ca45bed3e1563138dbf9e78409da458870
nw-0678bb662289,michael,,source,image,assets/source/michael/portfolio-expansion/michael-aw59596-double-exposure.webp,,webp,854,1280,,,,,,owner-review;replace-with-approved-master,prototype-only,,9f99da89b485a09dc429312a423c18f04f9d626433ded6be975e7f4a9c63e774
nw-821d82937b6f,michael,,source,image,assets/source/michael/portfolio-expansion/michael-aw59665-double-exposure.webp,,webp,2500,2500,,,,,,owner-review;replace-with-approved-master,prototype-only,,cc5ff2a509f79eebf0f0c373c9f21412295accd7fb468b3b77985b561684e670
nw-0d24b1091827,michael,,source,image,assets/source/michael/portfolio-expansion/michael-cradlewise-family.webp,,webp,2224,1668,,,,,,owner-review;replace-with-approved-master,prototype-only,,5caaced5585fe0abe9f90f5b40858dc49f74f4d5e2a8758f21c37bccc400624e
nw-3f63d1c84f5d,michael,,source,image,assets/source/michael/portfolio-expansion/michael-food-test-sandwich.webp,,webp,2500,3125,,,,,,owner-review;replace-with-approved-master,prototype-only,,e30b535a095440b065900b1a596dfc0f6b0c9f2bf78eab104293371a9c59dd9c
nw-cba3fbbe1818,michael,,source,image,assets/source/michael/portfolio-expansion/michael-green-exterior-pair.webp,,webp,2073,1659,,,,,,owner-review;replace-with-approved-master,prototype-only,,f79a8ac092b585d4b114e7efe53386ade2aa22b0208a9711f8113f9f5fb9b76b
nw-eb1242b24c79,michael,,source,image,assets/source/michael/portfolio-expansion/michael-img7198-portrait.webp,,webp,1295,1295,,,,,,owner-review;replace-with-approved-master,prototype-only,,9454690d55c7e6581fa66c617549f024386d165344653f281e6acc391c2af79c
nw-5d179719c216,michael,,source,image,assets/source/michael/portfolio-expansion/michael-img8738-wedding-bw.webp,,webp,2500,2069,,,,,,owner-review;replace-with-approved-master,prototype-only,,4ed81d7ba6450bc4b71b21ff4b8b1c531e11eef076432b7945c5699ee02b9d89
nw-dc73da1a9048,michael,,source,image,assets/source/michael/portfolio-expansion/michael-molekule-bath.webp,,webp,2195,1646,,,,,,owner-review;replace-with-approved-master,prototype-only,,8c5e5f3615352d9eb1fb04e7abbb4795d31bfeaf23a88ac350f46101d6de24c8
nw-5b0eb8396231,michael,,source,image,assets/source/michael/portfolio-expansion/michael-nanu-black-pot.webp,,webp,1667,1667,,,,,,owner-review;replace-with-approved-master,prototype-only,,ae88bf24d1a02f7bdc4ee0a433592be77a70fe7c898622c0fdeeb392dc1018f0
nw-d1cc3901b715,michael,,source,image,assets/source/michael/portfolio-expansion/michael-native-haircare-cupcakes.gif,,gif,1080,1080,,,,,,owner-review;replace-with-approved-master,prototype-only,,489baa6fc562f8ad9fd2bb7d3fefd9116978698cf6dbf86caa687594ebb6b948
nw-be4ec5c37abf,michael,,source,image,assets/source/michael/portfolio-expansion/michael-poolside-product.webp,,webp,1440,1800,,,,,,owner-review;replace-with-approved-master,prototype-only,,b580d85b7b9aa4a5a728527385a285ccb47f8634260585db2b2f1844c649503a
nw-365efe063414,michael,,source,image,assets/source/michael/portfolio-expansion/michael-product-popcorn.webp,,webp,1626,2040,,,,,,owner-review;replace-with-approved-master,prototype-only,,4739420bd8e2b6f4a19330bbeb3639f9d41b43c5a490b0ac04d94b7cb7971e83
nw-875abe8f8ca0,michael,,source,image,assets/source/michael/portfolio-expansion/michael-rainbow-cart-portrait.webp,,webp,1798,1438,,,,,,owner-review;replace-with-approved-master,prototype-only,,183e37974577765096da307d6266520e56a0f033ddaac95349dc8de42d4548ba
nw-7186df05b95a,michael,,source,image,assets/source/michael/portfolio-expansion/michael-rob-summerlin-curlers.webp,,webp,1665,1665,,,,,,owner-review;replace-with-approved-master,prototype-only,,7f6a27a749ae612aa1768934253c20214a8e1908f901934ba5cab1da690ec366
nw-f654ec01e990,michael,,source,image,assets/source/michael/portfolio-expansion/michael-skincare-blue-still.webp,,webp,1360,2042,,,,,,owner-review;replace-with-approved-master,prototype-only,,6ba878ad855bbd617bd13c56739f0ad770e0c119e1d4298fd14d401834d6776f
nw-63e4b4894d20,michael,,source,image,assets/source/michael/portfolio-expansion/michael-sports-product-graphic.webp,,webp,1226,1533,,,,,,owner-review;replace-with-approved-master,prototype-only,,0fdbee4f2cd1ff2741092cd04bb988ffb1e03a7453b7815c98f449f7328c1e8b
nw-3b88c2fa1913,michael,,source,image,assets/source/michael/portfolio-expansion/michael-wow-rainbow-pavement.webp,,webp,2339,1559,,,,,,owner-review;replace-with-approved-master,prototype-only,,18cf69528623dfb995b76eb1e145e033489d5693c68e243679356b1d571e2591
nw-f08466422bad,oliver,"Humu — Make Work Better, Holly",source,Featured still,assets/source/oliver/humu-meet-holly/featured-frame-15.webp,,webp,1240,698,,1240 × 698,https://oliverhamilton.com/project/humu-meet-holly/,https://oliverhamilton.com/wp-content/uploads/2025/01/Frame-15.webp,public portfolio rendition,owner-review;replace-with-approved-master,prototype-only,Public page asset; rights confirmation required.,226d61ac18cadba6fac9b97e4eb2eb26322cd86eef91b1efa26d9740df62b296
nw-77a5e1d9148d,oliver,"Humu — Make Work Better, Holly",source,Derived motion placeholder,assets/source/oliver/humu-meet-holly/motion-placeholder-08s.mp4,,h264,960,540,8.000000,960 × 540; 8.0 s; 30 fps; silent,https://oliverhamilton.com/project/humu-meet-holly/,https://vimeo.com/790211466,"Locally assembled from `featured-frame-15.webp`, frames 35, 37, and 38; source film: https://vimeo.com/790211466",owner-review;replace-with-approved-master,prototype-only;not-source-film,"Internal build placeholder, not a source-video extract. Replace before launch.",ef497f3e0782b8a91d7925b5bbe57cace600e6e18b1a5eb467fb47c2703af19d
nw-9cbe86072c12,oliver,"Humu — Make Work Better, Holly",source,Gallery still,assets/source/oliver/humu-meet-holly/still-frame-35.png,,png,1240,698,,1240 × 698,https://oliverhamilton.com/project/humu-meet-holly/,https://oliverhamilton.com/wp-content/uploads/2025/01/Frame-35.png,public portfolio rendition,owner-review;replace-with-approved-master,prototype-only,Public page asset; rights confirmation required.,b4644216849171a74ca293bf53b20e18221da79fe4059221a51bc0e9975555eb
nw-841bd570dcbc,oliver,"Humu — Make Work Better, Holly",source,Gallery still,assets/source/oliver/humu-meet-holly/still-frame-36.png,,png,1240,698,,1240 × 698,https://oliverhamilton.com/project/humu-meet-holly/,https://oliverhamilton.com/wp-content/uploads/2025/01/Frame-36.png,public portfolio rendition,owner-review;replace-with-approved-master,prototype-only,Public page asset; rights confirmation required.,7dab50b4262bda443e1734bffc8e67ea2de38e2de175a7720dd31a46ec3d7304
nw-a2da6ea21aeb,oliver,"Humu — Make Work Better, Holly",source,Gallery still,assets/source/oliver/humu-meet-holly/still-frame-37.png,,png,1240,698,,1240 × 698,https://oliverhamilton.com/project/humu-meet-holly/,https://oliverhamilton.com/wp-content/uploads/2025/01/Frame-37.png,public portfolio rendition,owner-review;replace-with-approved-master,prototype-only,Public page asset; rights confirmation required.,c8e248a6713fe6176df64077cd60f3a19ebdcb442cb863058496445e672f86b0
nw-e56c3f3d4c12,oliver,"Humu — Make Work Better, Holly",source,Gallery still,assets/source/oliver/humu-meet-holly/still-frame-38.png,,png,1240,698,,1240 × 698,https://oliverhamilton.com/project/humu-meet-holly/,https://oliverhamilton.com/wp-content/uploads/2025/01/Frame-38.png,public portfolio rendition,owner-review;replace-with-approved-master,prototype-only,Public page asset; rights confirmation required.,c882a97da65dd09f3fc5f4357326d7eb0baf61362e88e25b02998bdc57dfca65
nw-60b291c8c11d,oliver,Mercury — An Unexpected Life,source,Featured still,assets/source/oliver/mercury-helen-mayer/featured-frame-13.webp,,webp,1240,698,,1240 × 698,https://oliverhamilton.com/project/mercury-helen-mayer/,https://oliverhamilton.com/wp-content/uploads/2025/01/Frame-13.webp,public portfolio rendition,owner-review;replace-with-approved-master,prototype-only,Public page asset; rights confirmation required.,ea7387dcbc469d3c7ee3a41356b9d302dd00b982e41bc7db76b85078c8f3a9a2
nw-954686da6a0f,oliver,Mercury — An Unexpected Life,source,Derived motion placeholder,assets/source/oliver/mercury-helen-mayer/motion-placeholder-08s.mp4,,h264,960,540,8.000000,960 × 540; 8.0 s; 30 fps; silent,https://oliverhamilton.com/project/mercury-helen-mayer/,https://vimeo.com/867257158,Locally assembled from the four stills above; source film: https://vimeo.com/867257158,owner-review;replace-with-approved-master,prototype-only;not-source-film,"Internal build placeholder, not a source-video extract. Replace before launch.",63f24b6d5cc0d84a8d35eeadb2d48fbb2b2b576a3fcbdf7246cf505e7536d4f0
nw-af7dcbc327ca,oliver,Mercury — An Unexpected Life,source,Gallery still,assets/source/oliver/mercury-helen-mayer/still-frame-43.png,,png,1240,698,,1240 × 698,https://oliverhamilton.com/project/mercury-helen-mayer/,https://oliverhamilton.com/wp-content/uploads/2025/01/Frame-43.png,public portfolio rendition,owner-review;replace-with-approved-master,prototype-only,Public page asset; rights confirmation required.,6b7e29eb589b4d81782daef53beaf9b8f43dfb260c7bcd4aa31bd05187778898
nw-6c0e094b1a7c,oliver,Mercury — An Unexpected Life,source,Gallery still,assets/source/oliver/mercury-helen-mayer/still-frame-44.png,,png,1240,698,,1240 × 698,https://oliverhamilton.com/project/mercury-helen-mayer/,https://oliverhamilton.com/wp-content/uploads/2025/01/Frame-44.png,public portfolio rendition,owner-review;replace-with-approved-master,prototype-only,Public page asset; rights confirmation required.,ca26324fa16b774e3dbc0d816aa261cc50663de43da186920b69a29fa39f9f3e
nw-3efaa3403031,oliver,Mercury — An Unexpected Life,source,Gallery still,assets/source/oliver/mercury-helen-mayer/still-frame-46.png,,png,1240,698,,1240 × 698,https://oliverhamilton.com/project/mercury-helen-mayer/,https://oliverhamilton.com/wp-content/uploads/2025/01/Frame-46.png,public portfolio rendition,owner-review;replace-with-approved-master,prototype-only,Public page asset; rights confirmation required.,f32baa4923cb71cee5a56f296b463218892774a7b4b325061fa680a57118eaa5
nw-a19987783543,oliver,Mercury — One of the Greats,source,Featured still,assets/source/oliver/mercury-josh-fabian/featured-frame-11.webp,,webp,1240,698,,1240 × 698,https://oliverhamilton.com/project/mercury-josh-fabian/,https://oliverhamilton.com/wp-content/uploads/2025/01/Frame-11.webp,public portfolio rendition,owner-review;replace-with-approved-master,prototype-only,Public page asset; rights confirmation required.,17c1b77a278a17951588a6b07d09791306fb96ca1039fdaa6a4be56e05947480
nw-a14b29b27b3a,oliver,Mercury — One of the Greats,source,Derived motion placeholder,assets/source/oliver/mercury-josh-fabian/motion-placeholder-08s.mp4,,h264,960,540,8.000000,960 × 540; 8.0 s; 30 fps; silent,https://oliverhamilton.com/project/mercury-josh-fabian/,https://vimeo.com/867257700,"Locally assembled from `featured-frame-11.webp` and frames 47, 50, and 52; source film: https://vimeo.com/867257700",owner-review;replace-with-approved-master,prototype-only;not-source-film,"Internal build placeholder, not a source-video extract. Replace before launch.",cfb00bcf646e65ece85d7c70c06fa1abad9d53d3f611369738310755fc70feb7
nw-d6f0b925b24f,oliver,Mercury — One of the Greats,source,Gallery still,assets/source/oliver/mercury-josh-fabian/still-frame-47.png,,png,1240,698,,1240 × 698,https://oliverhamilton.com/project/mercury-josh-fabian/,https://oliverhamilton.com/wp-content/uploads/2025/01/Frame-47.png,public portfolio rendition,owner-review;replace-with-approved-master,prototype-only,Public page asset; rights confirmation required.,3c4b116ce770050cfe74281593bc4271fdffff8e2a82b674f33dce919495e82a
nw-a39118ea93bc,oliver,Mercury — One of the Greats,source,Gallery still,assets/source/oliver/mercury-josh-fabian/still-frame-48.png,,png,1240,698,,1240 × 698,https://oliverhamilton.com/project/mercury-josh-fabian/,https://oliverhamilton.com/wp-content/uploads/2025/01/Frame-48.png,public portfolio rendition,owner-review;replace-with-approved-master,prototype-only,Public page asset; rights confirmation required.,1ce1cedce736f8d307a1668958bd16b968828ac4991f07e65c684ce7d49f7f91
nw-6f03132fa165,oliver,Mercury — One of the Greats,source,Gallery still,assets/source/oliver/mercury-josh-fabian/still-frame-49.png,,png,1240,698,,1240 × 698,https://oliverhamilton.com/project/mercury-josh-fabian/,https://oliverhamilton.com/wp-content/uploads/2025/01/Frame-49.png,public portfolio rendition,owner-review;replace-with-approved-master,prototype-only,Public page asset; rights confirmation required.,d1dbee7e607dc5b26ccc209c5651af088f01d9977dde28cc6eb7636a57553776
nw-1b42a255fc25,oliver,Mercury — One of the Greats,source,Gallery still,assets/source/oliver/mercury-josh-fabian/still-frame-50.png,,png,1240,698,,1240 × 698,https://oliverhamilton.com/project/mercury-josh-fabian/,https://oliverhamilton.com/wp-content/uploads/2025/01/Frame-50.png,public portfolio rendition,owner-review;replace-with-approved-master,prototype-only,Public page asset; rights confirmation required.,dc0e5072409426fb49f28e28d332e7cd6a4759e85063e616427609ea931d65d6
nw-0316f2778917,oliver,Mercury — One of the Greats,source,Gallery still,assets/source/oliver/mercury-josh-fabian/still-frame-51.png,,png,1240,698,,1240 × 698,https://oliverhamilton.com/project/mercury-josh-fabian/,https://oliverhamilton.com/wp-content/uploads/2025/01/Frame-51.png,public portfolio rendition,owner-review;replace-with-approved-master,prototype-only,Public page asset; rights confirmation required.,65cbb240c38c9be5d215f3d55dad29f8372608d028fbdff9d2a1846d70b4bfa6
nw-c210676910bf,oliver,Mercury — One of the Greats,source,Gallery still,assets/source/oliver/mercury-josh-fabian/still-frame-52.png,,png,1240,698,,1240 × 698,https://oliverhamilton.com/project/mercury-josh-fabian/,https://oliverhamilton.com/wp-content/uploads/2025/01/Frame-52.png,public portfolio rendition,owner-review;replace-with-approved-master,prototype-only,Public page asset; rights confirmation required.,91106519fba6f7f1cb99dff15534d366f64cd70b3f0f3859279091f1dc100dc5
nw-5b0e3510d9af,oliver,Olympics & Toyota — In Due Time,source,Featured still,assets/source/oliver/olympics-toyota-alex-massailas/featured-frame-6.webp,,webp,1240,698,,1240 × 698,https://oliverhamilton.com/project/olympics-toyota-alex-massailas/,https://oliverhamilton.com/wp-content/uploads/2025/01/Frame-6.webp,public portfolio rendition,owner-review;replace-with-approved-master,prototype-only,Public page asset; rights confirmation required.,36e0b84e2f5da99910e55cac74879dc1797a0afa8af2d7aca94c77c882634a99
nw-5dd26f9f36dc,oliver,Olympics & Toyota — In Due Time,source,Derived motion placeholder,assets/source/oliver/olympics-toyota-alex-massailas/motion-placeholder-08s.mp4,,h264,960,540,8.000000,960 × 540; 8.0 s; 30 fps; silent,https://oliverhamilton.com/project/olympics-toyota-alex-massailas/,https://vimeo.com/477261846,Locally assembled from `featured-frame-6.webp` and frames 39–41; source film: https://vimeo.com/477261846,owner-review;replace-with-approved-master,prototype-only;not-source-film,"Internal build placeholder, not a source-video extract. Replace before launch.",08d2496f171302714a6ebb6916cbb36071841d0b90dd734c3d88e8aae512cb11
nw-093ad474f079,oliver,Olympics & Toyota — In Due Time,source,Gallery still,assets/source/oliver/olympics-toyota-alex-massailas/still-frame-39.png,,png,1240,698,,1240 × 698,https://oliverhamilton.com/project/olympics-toyota-alex-massailas/,https://oliverhamilton.com/wp-content/uploads/2025/01/Frame-39.png,public portfolio rendition,owner-review;replace-with-approved-master,prototype-only,Public page asset; rights confirmation required.,9c549891dee1254626303bfca52d4a5fe8ee48831c91ef5bf24954124c1d3ab6
nw-983eac1533ec,oliver,Olympics & Toyota — In Due Time,source,Gallery still,assets/source/oliver/olympics-toyota-alex-massailas/still-frame-40.png,,png,1240,698,,1240 × 698,https://oliverhamilton.com/project/olympics-toyota-alex-massailas/,https://oliverhamilton.com/wp-content/uploads/2025/01/Frame-40.png,public portfolio rendition,owner-review;replace-with-approved-master,prototype-only,Public page asset; rights confirmation required.,2b186ae606eae3dd67a73a8ae78e49ad9107ecfb13830cc7d242e8fa00d60fe3
nw-019e08ab17bb,oliver,Olympics & Toyota — In Due Time,source,Gallery still,assets/source/oliver/olympics-toyota-alex-massailas/still-frame-41.png,,png,1240,698,,1240 × 698,https://oliverhamilton.com/project/olympics-toyota-alex-massailas/,https://oliverhamilton.com/wp-content/uploads/2025/01/Frame-41.png,public portfolio rendition,owner-review;replace-with-approved-master,prototype-only,Public page asset; rights confirmation required.,60a3cbc6c6b69a2c51510b1e37da031ba49c6202443774feeb49d4a88556e90d
nw-9aeaabb0746a,oliver,Olympics & Toyota — In Due Time,source,Gallery still,assets/source/oliver/olympics-toyota-alex-massailas/still-frame-42.png,,png,1240,698,,1240 × 698,https://oliverhamilton.com/project/olympics-toyota-alex-massailas/,https://oliverhamilton.com/wp-content/uploads/2025/01/Frame-42.png,public portfolio rendition,owner-review;replace-with-approved-master,prototype-only,Public page asset; rights confirmation required.,2ac518fb4d3d489c43c509663278a68e498e278e86ee8d4caae169d21554d919
nw-221fd91d3405,oliver,Tour De France x Toyota,source,Featured still,assets/source/oliver/tour-de-france/featured-frame-5.webp,,webp,1240,698,,1240 × 698,https://oliverhamilton.com/project/tour-de-france/,https://oliverhamilton.com/wp-content/uploads/2025/01/Frame-5.webp,public portfolio rendition,owner-review;replace-with-approved-master,prototype-only,Public page asset; rights confirmation required.,d4346709348dfc90c908b62c102a7496c5a0abc99685f70e119eb06d0422593f
nw-310018fecbe6,oliver,Tour De France x Toyota,source,Alternate gallery still,assets/source/oliver/tour-de-france/gallery-frame-5-1.webp,,webp,1240,698,,1240 × 698,https://oliverhamilton.com/project/tour-de-france/,https://oliverhamilton.com/wp-content/uploads/2025/01/Frame-5_1_11zon.webp,public portfolio rendition,owner-review;replace-with-approved-master,prototype-only,Public page asset; rights confirmation required.,f3f7165b762eefd9ef1a56b156182a9eabe49884768ad798b5b2ef113050f1c2
nw-3bf75c29bdda,oliver,Tour De France x Toyota,source,Derived motion placeholder,assets/source/oliver/tour-de-france/motion-placeholder-08s.mp4,,h264,960,540,8.000000,960 × 540; 8.0 s; 30 fps; silent,https://oliverhamilton.com/project/tour-de-france/,https://vimeo.com/758886121,"Locally assembled from `featured-frame-5.webp`, frames 60, 62, and 63; source film: https://vimeo.com/758886121",owner-review;replace-with-approved-master,prototype-only;not-source-film,"Internal build placeholder, not a source-video extract. Replace before launch.",1f7428caeb444b4a27ba4cf0c0644a83f6b41af0527a15fb3a4a0b8cf29b45c3
nw-8f2e6527113c,oliver,Tour De France x Toyota,source,Gallery still,assets/source/oliver/tour-de-france/still-frame-60.png,,png,1240,698,,1240 × 698,https://oliverhamilton.com/project/tour-de-france/,https://oliverhamilton.com/wp-content/uploads/2025/01/Frame-60.png,public portfolio rendition,owner-review;replace-with-approved-master,prototype-only,Public page asset; rights confirmation required.,4166e89c167d97b522b1e79807654ec002164fde2397c50512549e0b77193b3f
nw-13f56c30bf32,oliver,Tour De France x Toyota,source,Gallery still,assets/source/oliver/tour-de-france/still-frame-61.png,,png,1240,698,,1240 × 698,https://oliverhamilton.com/project/tour-de-france/,https://oliverhamilton.com/wp-content/uploads/2025/01/Frame-61.png,public portfolio rendition,owner-review;replace-with-approved-master,prototype-only,Public page asset; rights confirmation required.,24253f076d94de1aa81b5d7bd254727df0c67d08e577242d903adc3aa7396b9e
nw-a8523edead20,oliver,Tour De France x Toyota,source,Gallery still,assets/source/oliver/tour-de-france/still-frame-62.png,,png,1240,698,,1240 × 698,https://oliverhamilton.com/project/tour-de-france/,https://oliverhamilton.com/wp-content/uploads/2025/01/Frame-62.png,public portfolio rendition,owner-review;replace-with-approved-master,prototype-only,Public page asset; rights confirmation required.,a7290ef19e4f5df5392ec04d23ec7030286da917636e3158522123ff79125825
nw-c0baed5c355f,oliver,Tour De France x Toyota,source,Gallery still,assets/source/oliver/tour-de-france/still-frame-63.png,,png,1240,698,,1240 × 698,https://oliverhamilton.com/project/tour-de-france/,https://oliverhamilton.com/wp-content/uploads/2025/01/Frame-63.png,public portfolio rendition,owner-review;replace-with-approved-master,prototype-only,Public page asset; rights confirmation required.,f1d62654e5676f32bf8985d402c4475536b28cde99dcef79215a4b8719d16c55
nw-ab30a1a89311,oliver,Mercury — An Unexpected Life,source,Owner-supplied source film,assets/source/oliver videos/an_unexpected_life___helen_mayer (1080p).mp4,,h264,1920,1080,190.441667,,https://oliverhamilton.com/project/mercury-helen-mayer/,https://vimeo.com/867257158,Owner-supplied local film,owner-review,prototype-only,Supplied for this build; confirm final web-use approval before production.,856acf3fc6cf34fd96c3a3e45c7f7547b6124cd7e63b7f41093286baba72ec81
nw-fcd566fde715,oliver,"Humu — Make Work Better, Holly",source,Owner-supplied source film,assets/source/oliver videos/humu_vignette_#2 (1080p).mp4,,h264,1920,1080,55.146667,,https://oliverhamilton.com/project/humu-meet-holly/,https://vimeo.com/790211466,Owner-supplied local film,owner-review,prototype-only,Supplied for this build; confirm final web-use approval before production.,0a9397f4cd9611d28e91a4a30579cd718c577fe1d39b27a85ffc22b75d27f6c7
nw-86368c19f5e3,oliver,Olympics & Toyota — In Due Time,source,Owner-supplied source film,assets/source/oliver videos/in_due_time_-_toyota_x_olympics (1440p).mp4,,h264,2560,1068,128.766667,,https://oliverhamilton.com/project/olympics-toyota-alex-massailas/,https://vimeo.com/477261846,Owner-supplied local film,owner-review,prototype-only,Supplied for this build; confirm final web-use approval before production.,a69a2f8abee1b54467e883434fe35bc2df82dbc9e043f554c1cb70be76bbfd4a
nw-5d2ef7f744ac,oliver,Mercury — One of the Greats,source,Owner-supplied source film,assets/source/oliver videos/one_of_the_greats___josh_fabian (1080p).mp4,,h264,1920,1080,154.196667,,https://oliverhamilton.com/project/mercury-josh-fabian/,https://vimeo.com/867257700,Owner-supplied local film,owner-review,prototype-only,Supplied for this build; confirm final web-use approval before production.,2f95f0e8981c602a96a98e2af6c122e0fbf807b7632326259f7e6a5986c1a6e1
nw-bdb9d89c3dff,oliver,Tour De France x Toyota,source,Owner-supplied source film,assets/source/oliver videos/toyota_-_tour_de_france (1080p).mp4,,h264,1920,1080,30.036667,,https://oliverhamilton.com/project/tour-de-france/,https://vimeo.com/758886121,Owner-supplied local film,owner-review,prototype-only,Supplied for this build; confirm final web-use approval before production.,f7f2bdce82b8aa1da8b7d01eeb6e958e4f2eff66f79367683aabf8edd1c289fe
nw-11b5b023a222,anjali,Adobe,web-ready,Portfolio still,assets/web-ready/images/anjali/anjali-adobe-portrait.webp,assets/source/anjali/anjali-adobe-portrait.webp,webp,750,626,,750×626,https://arao.squarespace.com/new-page-10/,https://images.squarespace-cdn.com/content/v1/56246b41e4b0a77217f66aed/1691454923058-QHE9SDX6KQVMAF0XIPHK/Screen+Shot+2023-08-07+at+2.33.06+PM.png?format=750w,normalized/extracted WebP derivative,owner-review;replace-with-approved-master,prototype-only,Public portfolio asset supplied through the original brief; confirm project credit and reuse rights.,4b078310ac764a0c25018e30a704faf7d703ff988451e4895ab84de694b4df7a
nw-c3937b05f54c,anjali,Rakuten — Duet,web-ready,Motion-derived still,assets/web-ready/images/anjali/anjali-rakuten-duet-frame.webp,,webp,960,540,,960×540,https://arao.squarespace.com/rakuten-produced/,https://vimeo.com/479336941,normalized/extracted WebP derivative,owner-review;replace-with-approved-master,prototype-only,Owner-supplied for this build; confirm project credit and final web-use approval before production.,5171bf12bc13f8148beeb27609a73dbea68812e977cc42a192d670cefadfa3f6
nw-255d3ec96c95,anjali,Rakuten,web-ready,Motion-derived still,assets/web-ready/images/anjali/anjali-rakuten.webp,assets/source/anjali/anjali-rakuten.gif,webp,600,338,,600×338,https://arao.squarespace.com/rakuten-produced/,https://images.squarespace-cdn.com/content/v1/56246b41e4b0a77217f66aed/1691442725277-0I7ERC6OIE004151VQP5/rakuten.gif?format=1000w,normalized/extracted WebP derivative,owner-review;replace-with-approved-master,prototype-only,Static prototype derivative of the public portfolio GIF; obtain an approved motion master before publication.,f38603dc9396ce975626f0cde275fd635810aa72906ba4faa942839a8b458d26
nw-65af2818faa8,anjali,Stella Artois,web-ready,Portfolio still,assets/web-ready/images/anjali/anjali-stella-artois.webp,assets/source/anjali/anjali-stella-artois.webp,webp,1000,563,,1000×563,https://arao.squarespace.com/stella-produced/,https://images.squarespace-cdn.com/content/v1/56246b41e4b0a77217f66aed/1691430784833-K7H7SS36JTUK8ODGHKV9/Daydream+-+Stella+Artois+-+M.+Ward+Feat.+Alia.jpg?format=1000w,normalized/extracted WebP derivative,owner-review;replace-with-approved-master,prototype-only,Public portfolio asset supplied through the original brief; confirm project credit and reuse rights.,e2ecb13696e435d216e0516e7306384b1e199bb0e64a805397858e8ec88e4d5a
nw-1a9559b557d3,michael,Arc,web-ready,Still / WebP,assets/web-ready/images/michael/michael_arc_product.webp,assets/source/michael/michael_arc_product.webp,webp,1800,1800,,2500×2500,https://newwork.agency/,https://images.squarespace-cdn.com/content/v1/62a2b5a7ed430f307ef60a37/79cb415f-8c93-4840-b569-898b15f23b97/Arc-ProductImage-bkg-2Colors-oneCord-KS.png,normalized/extracted WebP derivative,owner-review;replace-with-approved-master,prototype-only,Project label is filename-derived; source depicts a paired corded product; served as WebP.,815fc42a84151e404e70b17625cbd04fcd30df6bf38b23a723717d29681a5fab
nw-ea928dc27fe3,michael,Brava,web-ready,Animated GIF,assets/web-ready/images/michael/michael_brava-poster.webp,assets/source/michael/michael_brava.gif,webp,1015,1015,,1015×1015; 4.0 s; 8 frames,https://newwork.agency/,https://images.squarespace-cdn.com/content/v1/62a2b5a7ed430f307ef60a37/a3cc085e-b26d-4d7f-aec1-100d7e344035/brava-gif.gif,normalized/extracted WebP derivative,owner-review;replace-with-approved-master,prototype-only,Project label is filename-derived. Source GIF is retained.,57983576898014ef99527f5060598377a6773206ed399ea9d8b34f97c27aac26
nw-0906ef8a7ecc,michael,Chanel test,web-ready,Still / WebP,assets/web-ready/images/michael/michael_chanel_test.webp,assets/source/michael/michael_chanel_test.webp,webp,1800,1800,,2290×2290,https://newwork.agency/,https://images.squarespace-cdn.com/content/v1/62a2b5a7ed430f307ef60a37/1685743318588-725BDQMYI24GPBSZBERY/2022-6-28%2Bchanel%2Btest5899.jpg,normalized/extracted WebP derivative,owner-review;replace-with-approved-master,prototype-only;do-not-publish-without-explicit-approval,Filename calls this a test; do not publish under Chanel without explicit approval. Served as WebP.,57ed3d85e7cff745f8100b9fd83085970dc247d341515ecaf8e6ebb74200e4aa
nw-63495fd938c6,michael,Cradlewise,web-ready,Still / WebP,assets/web-ready/images/michael/michael_cradlewise_desktop.webp,assets/source/michael/michael_cradlewise_desktop.webp,webp,1440,1800,,1594×1993,https://newwork.agency/,https://images.squarespace-cdn.com/content/v1/62a2b5a7ed430f307ef60a37/1686338034344-6A6Z3XVHU59W0SE3377M/2022-10-6%2BCRADLEWISE%2BDAY%2B2%2Bdesktop3793-Edit-Edit-Edit.jpg,normalized/extracted WebP derivative,owner-review;replace-with-approved-master,prototype-only,Project label is filename-derived; served as WebP.,a51a8efd8aa7698aae48064bf872ac7f73a2cfc43205b50d9ca7ba43f52bfd59
nw-d329ef58eee4,michael,Dune / Tansy,web-ready,Still / WebP,assets/web-ready/images/michael/michael_dune_tansy.webp,assets/source/michael/michael_dune_tansy.webp,webp,1800,1440,,2500×2000,https://newwork.agency/,https://images.squarespace-cdn.com/content/v1/62a2b5a7ed430f307ef60a37/1771806887864-M9SEZ4ZJ6FMRJAXU8FBN/2022-9-8%2BDUNE%2BTANSY21219-Edit.jpg,normalized/extracted WebP derivative,owner-review;replace-with-approved-master,prototype-only,Project label is filename-derived and ambiguous; served as WebP.,2258ee88e0d26329ecbeebef5545e4907ea6dfea675f87354e7d952118b4bede
nw-0f1c55bff4e6,michael,Fellow,web-ready,Still / WebP,assets/web-ready/images/michael/michael_fellow.webp,assets/source/michael/michael_fellow.webp,webp,1800,1672,,2500×2322,https://newwork.agency/,https://images.squarespace-cdn.com/content/v1/62a2b5a7ed430f307ef60a37/ff196836-edc8-4d2e-90a9-f1462f0bb31e/fellow+33.jpg,normalized/extracted WebP derivative,owner-review;replace-with-approved-master,prototype-only,Project label is filename-derived; served as WebP.,0080d1724aa208f2ca4b57f7e11817c62d796b19a45abd8e3dd3d7db4733ce9f
nw-96098fbbb571,michael,Miss Jones — pancake,web-ready,Still / WebP,assets/web-ready/images/michael/michael_miss_jones_pancake.webp,assets/source/michael/michael_miss_jones_pancake.webp,webp,1440,1800,,2500×3125,https://newwork.agency/,https://images.squarespace-cdn.com/content/v1/62a2b5a7ed430f307ef60a37/fefb80b3-7bf1-4bce-932e-5ba7cbf20c43/2022-2-8+miss+jones+pancake20040.jpg,normalized/extracted WebP derivative,owner-review;replace-with-approved-master,prototype-only,Project label is filename-derived; served as WebP.,2aec0c6fd2c22a58114dcd56799ccdfec2a1888b6b52b540b4af5fbaa3290818
nw-a75745d70405,michael,Molekule — in-office,web-ready,Still / WebP,assets/web-ready/images/michael/michael_molekule_office.webp,assets/source/michael/michael_molekule_office.webp,webp,1667,1667,,1667×1667,https://newwork.agency/,https://images.squarespace-cdn.com/content/v1/62a2b5a7ed430f307ef60a37/1771807892071-GNLRQ2TV8SJ96Z6FMWCM/2021-4-16%252Bmolekule%252Binoffice%252Bshoot6020-Edit.jpg,normalized/extracted WebP derivative,owner-review;replace-with-approved-master,prototype-only,Project label is filename-derived; served as WebP.,a043744b80f07e38597b4242d5b41dcfa690fcee98dfdd701ff318f3ffcf6ab5
nw-ce4c60932b9d,michael,Native — Cucumber Mint Pride,web-ready,Still / WebP,assets/web-ready/images/michael/michael_native_cucumber_mint_pride.webp,assets/source/michael/michael_native_cucumber_mint_pride.webp,webp,1440,1800,,2500×3124,https://newwork.agency/,https://images.squarespace-cdn.com/content/v1/62a2b5a7ed430f307ef60a37/1685742979023-28O1R6MEMUVOD2ZT2CQV/2021_DEC_NATIVE_CUCUMBER-MINT_BW_PRIDE_0025_BD.jpg,normalized/extracted WebP derivative,owner-review;replace-with-approved-master,prototype-only,Project label is filename-derived; served as WebP.,ef77050a3c755bfc3c60d54c3860b6e5464d91e108423c1273b97e0ca6223e39
nw-60447da8ac29,michael,Unnamed native portfolio video,web-ready,working MP4 extract,assets/web-ready/images/michael/michael_native_portfolio_video-poster.webp,assets/source/michael/michael_native_portfolio_video_clip.mp4,webp,640,360,,640×360; 8.008 s,https://newwork.agency/,https://video.squarespace-cdn.com/content/v1/62a2b5a7ed430f307ef60a37/559c4520-7336-431b-bd72-8ba8ab4c7c78/playlist.m3u8,normalized/extracted WebP derivative,owner-review;replace-with-approved-master,prototype-only,Portfolio metadata gives an 88.5885 s source at 16:9 but supplies no title or client. Confirm the project before use.,89556552f9601358d7eb0b4f99aa0206b64a7b1027761db40ed5781fb0bbd72b
nw-5be4c5f87656,michael,Native — stop motion,web-ready,Animated GIF,assets/web-ready/images/michael/michael_native_stop_motion-poster.webp,assets/source/michael/michael_native_stop_motion.gif,webp,1166,1166,,1166×1166 canvas; 2.4 s; 12 frames,https://newwork.agency/,https://images.squarespace-cdn.com/content/v1/62a2b5a7ed430f307ef60a37/acf7abef-3426-4f4e-b295-229bf6b016f8/NATIVE_Stop_Motion_02_Working_1920x1080.gif,normalized/extracted WebP derivative,owner-review;replace-with-approved-master,prototype-only,Project label is filename-derived. Source GIF is retained.,37d141236da3bfc12a0c4ef581f6be3bfae03b8191816bb0004d7cdd2a777c9e
nw-aab41367ccae,michael,Specialized Globe,web-ready,Animated GIF,assets/web-ready/images/michael/michael_specialized_globe-poster.webp,assets/source/michael/michael_specialized_globe.gif,webp,1500,1500,,1500×1500; 3.0 s; 6 frames,https://newwork.agency/,https://images.squarespace-cdn.com/content/v1/62a2b5a7ed430f307ef60a37/8527f002-8e20-4777-a59a-d4dae847d8c3/2022-9-25-SPECIALIZED-GLOBE0812.gif,normalized/extracted WebP derivative,owner-review;replace-with-approved-master,prototype-only,Project label is filename-derived. Source GIF is retained.,ef227fa388d74eaae8458c10fccd6b46c3d23ace6b45293e32f6d9643bf86d22
nw-d2d7a9a6c1b5,michael,,web-ready,image,assets/web-ready/images/michael/portfolio-expansion/michael-8023156-uniform-portrait.webp,assets/source/michael/portfolio-expansion/michael-8023156-uniform-portrait.webp,webp,1760,2200,,,,,normalized/extracted WebP derivative,owner-review;replace-with-approved-master,prototype-only,,2b4a88b4525a4ed9ab422676fd9664a81a30dfc87f2c7e93a9d2be7f5c803623
nw-b9a9963c03a2,michael,,web-ready,image,assets/web-ready/images/michael/portfolio-expansion/michael-8024096-red-suit.webp,assets/source/michael/portfolio-expansion/michael-8024096-red-suit.webp,webp,2083,1667,,,,,normalized/extracted WebP derivative,owner-review;replace-with-approved-master,prototype-only,,e8bef10e538a72eba970f67699b322b8215830ca687dd613e9778b2de20d78b9
nw-65ede4430dd0,michael,,web-ready,image,assets/web-ready/images/michael/portfolio-expansion/michael-ad-interior.webp,assets/source/michael/portfolio-expansion/michael-ad-interior.webp,webp,1603,1069,,,,,normalized/extracted WebP derivative,owner-review;replace-with-approved-master,prototype-only,,8e8e1ab29d8f991ab9844d22c203791076ab15c96ac59d3fbd51a6ea64ae43ec
nw-3c463970bb90,michael,,web-ready,image,assets/web-ready/images/michael/portfolio-expansion/michael-aw50273-dark-portrait.webp,assets/source/michael/portfolio-expansion/michael-aw50273-dark-portrait.webp,webp,1929,1543,,,,,normalized/extracted WebP derivative,owner-review;replace-with-approved-master,prototype-only,,cdcda8233d20567c3ad9ed48e4b56666d0ec33b36ab8103f261defdef256885f
nw-7525939ead36,michael,,web-ready,image,assets/web-ready/images/michael/portfolio-expansion/michael-aw50519-court-bw.webp,assets/source/michael/portfolio-expansion/michael-aw50519-court-bw.webp,webp,2185,1639,,,,,normalized/extracted WebP derivative,owner-review;replace-with-approved-master,prototype-only,,cab983ab75b5bffa62aec11ef55db143bdd628214691660f4821de2b4f4e7e29
nw-2cc34ed3c859,michael,,web-ready,image,assets/web-ready/images/michael/portfolio-expansion/michael-aw51026-court-portrait.webp,assets/source/michael/portfolio-expansion/michael-aw51026-court-portrait.webp,webp,1633,1633,,,,,normalized/extracted WebP derivative,owner-review;replace-with-approved-master,prototype-only,,4cdbdce68754e48fc21af45445778e87821ef29f22b5605c0e307197353392ee
nw-a48b561e933c,michael,,web-ready,image,assets/web-ready/images/michael/portfolio-expansion/michael-aw59536-group.webp,assets/source/michael/portfolio-expansion/michael-aw59536-group.webp,webp,2200,2200,,,,,normalized/extracted WebP derivative,owner-review;replace-with-approved-master,prototype-only,,885dbee753a271520df196cd8e340b7cf3e16fb7a3b072afceb1f61c77a3448c
nw-d5ff6a9682c5,michael,,web-ready,image,assets/web-ready/images/michael/portfolio-expansion/michael-aw59596-double-exposure.webp,assets/source/michael/portfolio-expansion/michael-aw59596-double-exposure.webp,webp,854,1280,,,,,normalized/extracted WebP derivative,owner-review;replace-with-approved-master,prototype-only,,cb9b51e5083c4f7f423ba21ce359ab451c288db0c4be419a5273769cb0f48793
nw-bf89d9a51d51,michael,,web-ready,image,assets/web-ready/images/michael/portfolio-expansion/michael-aw59665-double-exposure.webp,assets/source/michael/portfolio-expansion/michael-aw59665-double-exposure.webp,webp,2200,2200,,,,,normalized/extracted WebP derivative,owner-review;replace-with-approved-master,prototype-only,,848bf54eefa6fad8fec65e3bed92996a25c3ad0d50f6923b9af403fdf477e036
nw-b2dbad46d122,michael,,web-ready,image,assets/web-ready/images/michael/portfolio-expansion/michael-cradlewise-family.webp,assets/source/michael/portfolio-expansion/michael-cradlewise-family.webp,webp,2200,1650,,,,,normalized/extracted WebP derivative,owner-review;replace-with-approved-master,prototype-only,,911107f8b97952e0de9ca167973dfe334c604b0e51e39f29756aca15951bbc08
nw-823925f34149,michael,,web-ready,image,assets/web-ready/images/michael/portfolio-expansion/michael-food-test-sandwich.webp,assets/source/michael/portfolio-expansion/michael-food-test-sandwich.webp,webp,1760,2200,,,,,normalized/extracted WebP derivative,owner-review;replace-with-approved-master,prototype-only,,33a8bdf3b278e68e2f27e6efdcb78fd061a542d7f42bee8a20c9aee9c5ba67ea
nw-429eada0ff54,michael,,web-ready,image,assets/web-ready/images/michael/portfolio-expansion/michael-green-exterior-pair.webp,assets/source/michael/portfolio-expansion/michael-green-exterior-pair.webp,webp,2073,1659,,,,,normalized/extracted WebP derivative,owner-review;replace-with-approved-master,prototype-only,,ddfc81e1a2d3994d8d58f73e17ecde45ca11dd9ef380039dde5cf8d28e0df72d
nw-5cae5eab1ab7,michael,,web-ready,image,assets/web-ready/images/michael/portfolio-expansion/michael-img7198-portrait.webp,assets/source/michael/portfolio-expansion/michael-img7198-portrait.webp,webp,1295,1295,,,,,normalized/extracted WebP derivative,owner-review;replace-with-approved-master,prototype-only,,6314d2a6ba7c46a4177f690353e98392800d5aee93b98c7832b166480d67b159
nw-8df73bf41c0d,michael,,web-ready,image,assets/web-ready/images/michael/portfolio-expansion/michael-img8738-wedding-bw.webp,assets/source/michael/portfolio-expansion/michael-img8738-wedding-bw.webp,webp,2200,1821,,,,,normalized/extracted WebP derivative,owner-review;replace-with-approved-master,prototype-only,,590dcdf482babd42269b040957cb62328bcb25d72a2815d1b81fbc4c2c1dea63
nw-1d89f75e4fd8,michael,,web-ready,image,assets/web-ready/images/michael/portfolio-expansion/michael-molekule-bath.webp,assets/source/michael/portfolio-expansion/michael-molekule-bath.webp,webp,2195,1646,,,,,normalized/extracted WebP derivative,owner-review;replace-with-approved-master,prototype-only,,8d0f764720d6265f04ffae3f1cfebaeed312ec0fb99b76e31b87c649b2469cbe
nw-6f29f9a6fa88,michael,,web-ready,image,assets/web-ready/images/michael/portfolio-expansion/michael-nanu-black-pot.webp,assets/source/michael/portfolio-expansion/michael-nanu-black-pot.webp,webp,1667,1667,,,,,normalized/extracted WebP derivative,owner-review;replace-with-approved-master,prototype-only,,c5676eb32751344b03a6dd0103e60e1029e9ec6b0e4b7ec3b7023364f8c9c672
nw-0b4644772d60,michael,,web-ready,image,assets/web-ready/images/michael/portfolio-expansion/michael-native-haircare-cupcakes.webp,,webp,1080,1080,,,,,normalized/extracted WebP derivative,owner-review;replace-with-approved-master,prototype-only,,aca92d12540504478ef4e26b8f5da4c78ebcdd4328d47cc3fcc472f1befbab92
nw-e47036dae072,michael,,web-ready,image,assets/web-ready/images/michael/portfolio-expansion/michael-poolside-product.webp,assets/source/michael/portfolio-expansion/michael-poolside-product.webp,webp,1440,1800,,,,,normalized/extracted WebP derivative,owner-review;replace-with-approved-master,prototype-only,,545b91fa19a0b4ee4979532b403a6cb238af597aa528804494d07f3cd80a17a4
nw-09d49e376428,michael,,web-ready,image,assets/web-ready/images/michael/portfolio-expansion/michael-product-popcorn.webp,assets/source/michael/portfolio-expansion/michael-product-popcorn.webp,webp,1626,2040,,,,,normalized/extracted WebP derivative,owner-review;replace-with-approved-master,prototype-only,,916a0f40b1a1a9762c3b3fe764a441b6e9b28a1cad39ed86f9feb3e35f69fe97
nw-6ba1dbc539c0,michael,,web-ready,image,assets/web-ready/images/michael/portfolio-expansion/michael-rainbow-cart-portrait.webp,assets/source/michael/portfolio-expansion/michael-rainbow-cart-portrait.webp,webp,1798,1438,,,,,normalized/extracted WebP derivative,owner-review;replace-with-approved-master,prototype-only,,27fcaed678b73ef3b42f66c4030ce7121e46770e6d1b219b5ab28f56e8376f58
nw-991300dbb47c,michael,,web-ready,image,assets/web-ready/images/michael/portfolio-expansion/michael-rob-summerlin-curlers.webp,assets/source/michael/portfolio-expansion/michael-rob-summerlin-curlers.webp,webp,1665,1665,,,,,normalized/extracted WebP derivative,owner-review;replace-with-approved-master,prototype-only,,fb4375257a4abda9c8f42b329543e2846c2961d2e03c53e97cd3f2b7e5706609
nw-f63c1d378501,michael,,web-ready,image,assets/web-ready/images/michael/portfolio-expansion/michael-skincare-blue-still.webp,assets/source/michael/portfolio-expansion/michael-skincare-blue-still.webp,webp,1360,2042,,,,,normalized/extracted WebP derivative,owner-review;replace-with-approved-master,prototype-only,,8625b1699b5405a93e898f4ec9e2eca66597b5e628e273dccef7b68f76417c65
nw-6c74d3f0728f,michael,,web-ready,image,assets/web-ready/images/michael/portfolio-expansion/michael-sports-product-graphic.webp,assets/source/michael/portfolio-expansion/michael-sports-product-graphic.webp,webp,1226,1533,,,,,normalized/extracted WebP derivative,owner-review;replace-with-approved-master,prototype-only,,274e0196f1849aac23ed257157a7e9e6b34fc8117cf2fca8b2b0e3dec8be264a
nw-e5746a64cfdb,michael,,web-ready,image,assets/web-ready/images/michael/portfolio-expansion/michael-wow-rainbow-pavement.webp,assets/source/michael/portfolio-expansion/michael-wow-rainbow-pavement.webp,webp,2200,1466,,,,,normalized/extracted WebP derivative,owner-review;replace-with-approved-master,prototype-only,,1d398b094640c390cc114cf9687a45e82da88199cf850562441adf5ae0ac2e38
nw-a894879cf26d,oliver,"Humu — Make Work Better, Holly",web-ready,Featured still,assets/web-ready/images/oliver/humu-meet-holly/featured-frame-15.webp,assets/source/oliver/humu-meet-holly/featured-frame-15.webp,webp,1240,698,,1240 × 698,https://oliverhamilton.com/project/humu-meet-holly/,https://oliverhamilton.com/wp-content/uploads/2025/01/Frame-15.webp,normalized/extracted WebP derivative,owner-review;replace-with-approved-master,prototype-only,Public page asset; rights confirmation required.,d587d6434fa9fb1a68c4470049be57adbbc5683f9ed3001e21ba3a12cec0d939
nw-cb0bc0a1f8d3,oliver,"Humu — Make Work Better, Holly",web-ready,Gallery still,assets/web-ready/images/oliver/humu-meet-holly/still-frame-35.webp,assets/source/oliver/humu-meet-holly/still-frame-35.png,webp,1240,698,,1240 × 698,https://oliverhamilton.com/project/humu-meet-holly/,https://oliverhamilton.com/wp-content/uploads/2025/01/Frame-35.png,normalized/extracted WebP derivative,owner-review;replace-with-approved-master,prototype-only,Public page asset; rights confirmation required.,951949c12d3ca1f976a8d874871d323d6a65f3e1bfcba8360d659d091262aad1
nw-479bde89ca18,oliver,"Humu — Make Work Better, Holly",web-ready,Gallery still,assets/web-ready/images/oliver/humu-meet-holly/still-frame-36.webp,assets/source/oliver/humu-meet-holly/still-frame-36.png,webp,1240,698,,1240 × 698,https://oliverhamilton.com/project/humu-meet-holly/,https://oliverhamilton.com/wp-content/uploads/2025/01/Frame-36.png,normalized/extracted WebP derivative,owner-review;replace-with-approved-master,prototype-only,Public page asset; rights confirmation required.,51ba64984efdadf49d51bbdda88aec7b794d97317185ecdc89b15fa3b81e9644
nw-9bb393748e32,oliver,"Humu — Make Work Better, Holly",web-ready,Gallery still,assets/web-ready/images/oliver/humu-meet-holly/still-frame-37.webp,assets/source/oliver/humu-meet-holly/still-frame-37.png,webp,1240,698,,1240 × 698,https://oliverhamilton.com/project/humu-meet-holly/,https://oliverhamilton.com/wp-content/uploads/2025/01/Frame-37.png,normalized/extracted WebP derivative,owner-review;replace-with-approved-master,prototype-only,Public page asset; rights confirmation required.,495ad16617c0ccebaa6eab8a8b2ee250b1b50fd51326423de69e4ae15d879527
nw-0d16fdf432e9,oliver,"Humu — Make Work Better, Holly",web-ready,Gallery still,assets/web-ready/images/oliver/humu-meet-holly/still-frame-38.webp,assets/source/oliver/humu-meet-holly/still-frame-38.png,webp,1240,698,,1240 × 698,https://oliverhamilton.com/project/humu-meet-holly/,https://oliverhamilton.com/wp-content/uploads/2025/01/Frame-38.png,normalized/extracted WebP derivative,owner-review;replace-with-approved-master,prototype-only,Public page asset; rights confirmation required.,a14247d6a9a731b481c52dbe6a6db83c70421f9c98b53699c8cf2b48327e437c
nw-30bc9fd2c967,oliver,Mercury — An Unexpected Life,web-ready,Featured still,assets/web-ready/images/oliver/mercury-helen-mayer/featured-frame-13.webp,assets/source/oliver/mercury-helen-mayer/featured-frame-13.webp,webp,1240,698,,1240 × 698,https://oliverhamilton.com/project/mercury-helen-mayer/,https://oliverhamilton.com/wp-content/uploads/2025/01/Frame-13.webp,normalized/extracted WebP derivative,owner-review;replace-with-approved-master,prototype-only,Public page asset; rights confirmation required.,357ededbb037687258eb860598e15bbe159f23ac1808a94e8e80d9b1ddc4e985
nw-40d210d2363a,oliver,Mercury — An Unexpected Life,web-ready,Gallery still,assets/web-ready/images/oliver/mercury-helen-mayer/still-frame-43.webp,assets/source/oliver/mercury-helen-mayer/still-frame-43.png,webp,1240,698,,1240 × 698,https://oliverhamilton.com/project/mercury-helen-mayer/,https://oliverhamilton.com/wp-content/uploads/2025/01/Frame-43.png,normalized/extracted WebP derivative,owner-review;replace-with-approved-master,prototype-only,Public page asset; rights confirmation required.,1ecc54a3ddacb08e4c6170994929a0ce616ce9e69892879dfaf464da054787d4
nw-db8e5704c2af,oliver,Mercury — An Unexpected Life,web-ready,Gallery still,assets/web-ready/images/oliver/mercury-helen-mayer/still-frame-44.webp,assets/source/oliver/mercury-helen-mayer/still-frame-44.png,webp,1240,698,,1240 × 698,https://oliverhamilton.com/project/mercury-helen-mayer/,https://oliverhamilton.com/wp-content/uploads/2025/01/Frame-44.png,normalized/extracted WebP derivative,owner-review;replace-with-approved-master,prototype-only,Public page asset; rights confirmation required.,9cc029ec16a9927ff2aa05cd2655fd85da88d7cf93a7575b2159980f52a2dcdb
nw-ed469a095682,oliver,Mercury — An Unexpected Life,web-ready,Gallery still,assets/web-ready/images/oliver/mercury-helen-mayer/still-frame-46.webp,assets/source/oliver/mercury-helen-mayer/still-frame-46.png,webp,1240,698,,1240 × 698,https://oliverhamilton.com/project/mercury-helen-mayer/,https://oliverhamilton.com/wp-content/uploads/2025/01/Frame-46.png,normalized/extracted WebP derivative,owner-review;replace-with-approved-master,prototype-only,Public page asset; rights confirmation required.,99ddae94f57b55b5ae49872690b013085ec06223cb7da2902401d8137d6eaabb
nw-a58a65f98cc2,oliver,Mercury — One of the Greats,web-ready,Featured still,assets/web-ready/images/oliver/mercury-josh-fabian/featured-frame-11.webp,assets/source/oliver/mercury-josh-fabian/featured-frame-11.webp,webp,1240,698,,1240 × 698,https://oliverhamilton.com/project/mercury-josh-fabian/,https://oliverhamilton.com/wp-content/uploads/2025/01/Frame-11.webp,normalized/extracted WebP derivative,owner-review;replace-with-approved-master,prototype-only,Public page asset; rights confirmation required.,968d508f7dc1b33ef72761824d2d3028e9787cd1bcb0810d7cdd92e716dfc4eb
nw-77190dd781e6,oliver,Mercury — One of the Greats,web-ready,Gallery still,assets/web-ready/images/oliver/mercury-josh-fabian/still-frame-47.webp,assets/source/oliver/mercury-josh-fabian/still-frame-47.png,webp,1240,698,,1240 × 698,https://oliverhamilton.com/project/mercury-josh-fabian/,https://oliverhamilton.com/wp-content/uploads/2025/01/Frame-47.png,normalized/extracted WebP derivative,owner-review;replace-with-approved-master,prototype-only,Public page asset; rights confirmation required.,968edd8e775efd7823f8f1a4388e1c024c9cf411e19746af49ec3a8560410fc2
nw-d65a82506638,oliver,Mercury — One of the Greats,web-ready,Gallery still,assets/web-ready/images/oliver/mercury-josh-fabian/still-frame-48.webp,assets/source/oliver/mercury-josh-fabian/still-frame-48.png,webp,1240,698,,1240 × 698,https://oliverhamilton.com/project/mercury-josh-fabian/,https://oliverhamilton.com/wp-content/uploads/2025/01/Frame-48.png,normalized/extracted WebP derivative,owner-review;replace-with-approved-master,prototype-only,Public page asset; rights confirmation required.,666f4f11d2cfef84b6b71f322d0b0dbe0e4acd884091702d7e1862eb98288564
nw-5fd8c45dc2fa,oliver,Mercury — One of the Greats,web-ready,Gallery still,assets/web-ready/images/oliver/mercury-josh-fabian/still-frame-49.webp,assets/source/oliver/mercury-josh-fabian/still-frame-49.png,webp,1240,698,,1240 × 698,https://oliverhamilton.com/project/mercury-josh-fabian/,https://oliverhamilton.com/wp-content/uploads/2025/01/Frame-49.png,normalized/extracted WebP derivative,owner-review;replace-with-approved-master,prototype-only,Public page asset; rights confirmation required.,1d140543d388a584e7d6594f29ad351fa8d918fa90062677c765a9f5f729ab10
nw-9da1a9f65d77,oliver,Mercury — One of the Greats,web-ready,Gallery still,assets/web-ready/images/oliver/mercury-josh-fabian/still-frame-50.webp,assets/source/oliver/mercury-josh-fabian/still-frame-50.png,webp,1240,698,,1240 × 698,https://oliverhamilton.com/project/mercury-josh-fabian/,https://oliverhamilton.com/wp-content/uploads/2025/01/Frame-50.png,normalized/extracted WebP derivative,owner-review;replace-with-approved-master,prototype-only,Public page asset; rights confirmation required.,3e0bbc84ace49f5f0275feef5c6aec1702f5cf91df750bce68b43e2bc9840c12
nw-0c556bb258a8,oliver,Mercury — One of the Greats,web-ready,Gallery still,assets/web-ready/images/oliver/mercury-josh-fabian/still-frame-51.webp,assets/source/oliver/mercury-josh-fabian/still-frame-51.png,webp,1240,698,,1240 × 698,https://oliverhamilton.com/project/mercury-josh-fabian/,https://oliverhamilton.com/wp-content/uploads/2025/01/Frame-51.png,normalized/extracted WebP derivative,owner-review;replace-with-approved-master,prototype-only,Public page asset; rights confirmation required.,13268d620f47a4ea72688c1c7f4b8c88c232b238d4f72466451cc3c3c8d0ce39
nw-c8b1501b1b1a,oliver,Mercury — One of the Greats,web-ready,Gallery still,assets/web-ready/images/oliver/mercury-josh-fabian/still-frame-52.webp,assets/source/oliver/mercury-josh-fabian/still-frame-52.png,webp,1240,698,,1240 × 698,https://oliverhamilton.com/project/mercury-josh-fabian/,https://oliverhamilton.com/wp-content/uploads/2025/01/Frame-52.png,normalized/extracted WebP derivative,owner-review;replace-with-approved-master,prototype-only,Public page asset; rights confirmation required.,86cad336d91cb4aff9abf72ac53e0bf4e014afae766a4b695fd5d1845ff22d8c
nw-af19a7149083,oliver,Olympics & Toyota — In Due Time,web-ready,Featured still,assets/web-ready/images/oliver/olympics-toyota-alex-massailas/featured-frame-6.webp,assets/source/oliver/olympics-toyota-alex-massailas/featured-frame-6.webp,webp,1240,698,,1240 × 698,https://oliverhamilton.com/project/olympics-toyota-alex-massailas/,https://oliverhamilton.com/wp-content/uploads/2025/01/Frame-6.webp,normalized/extracted WebP derivative,owner-review;replace-with-approved-master,prototype-only,Public page asset; rights confirmation required.,33dd962cfa1ab87f64d57680e419dfda854fd2067ac3df813232f0b01f0b3f44
nw-77c4c629c38e,oliver,Olympics & Toyota — In Due Time,web-ready,Gallery still,assets/web-ready/images/oliver/olympics-toyota-alex-massailas/still-frame-39.webp,assets/source/oliver/olympics-toyota-alex-massailas/still-frame-39.png,webp,1240,698,,1240 × 698,https://oliverhamilton.com/project/olympics-toyota-alex-massailas/,https://oliverhamilton.com/wp-content/uploads/2025/01/Frame-39.png,normalized/extracted WebP derivative,owner-review;replace-with-approved-master,prototype-only,Public page asset; rights confirmation required.,9511d5d1cfb56d1e7ce64c9808c1b4dbb4865b0a009aea855d87b593d5efaae7
nw-56ef96a94774,oliver,Olympics & Toyota — In Due Time,web-ready,Gallery still,assets/web-ready/images/oliver/olympics-toyota-alex-massailas/still-frame-40.webp,assets/source/oliver/olympics-toyota-alex-massailas/still-frame-40.png,webp,1240,698,,1240 × 698,https://oliverhamilton.com/project/olympics-toyota-alex-massailas/,https://oliverhamilton.com/wp-content/uploads/2025/01/Frame-40.png,normalized/extracted WebP derivative,owner-review;replace-with-approved-master,prototype-only,Public page asset; rights confirmation required.,ca8b6f37b294451403e8b0726177dabff105bd6ac7e5963b4bfbaa56c8064306
nw-f9345d465658,oliver,Olympics & Toyota — In Due Time,web-ready,Gallery still,assets/web-ready/images/oliver/olympics-toyota-alex-massailas/still-frame-41.webp,assets/source/oliver/olympics-toyota-alex-massailas/still-frame-41.png,webp,1240,698,,1240 × 698,https://oliverhamilton.com/project/olympics-toyota-alex-massailas/,https://oliverhamilton.com/wp-content/uploads/2025/01/Frame-41.png,normalized/extracted WebP derivative,owner-review;replace-with-approved-master,prototype-only,Public page asset; rights confirmation required.,2b8a8c66fd75651c1a076a21543bf87cbc9aaf9e4336221ae5240f18f93e2caf
nw-714db0d848b9,oliver,Olympics & Toyota — In Due Time,web-ready,Gallery still,assets/web-ready/images/oliver/olympics-toyota-alex-massailas/still-frame-42.webp,assets/source/oliver/olympics-toyota-alex-massailas/still-frame-42.png,webp,1240,698,,1240 × 698,https://oliverhamilton.com/project/olympics-toyota-alex-massailas/,https://oliverhamilton.com/wp-content/uploads/2025/01/Frame-42.png,normalized/extracted WebP derivative,owner-review;replace-with-approved-master,prototype-only,Public page asset; rights confirmation required.,9566b02b5867e42c92958be15a53c59ed2875a1cb077a89cd73fa1d8ebc12fde
nw-1a2b3a70e51e,oliver,Tour De France x Toyota,web-ready,Featured still,assets/web-ready/images/oliver/tour-de-france/featured-frame-5.webp,assets/source/oliver/tour-de-france/featured-frame-5.webp,webp,1240,698,,1240 × 698,https://oliverhamilton.com/project/tour-de-france/,https://oliverhamilton.com/wp-content/uploads/2025/01/Frame-5.webp,normalized/extracted WebP derivative,owner-review;replace-with-approved-master,prototype-only,Public page asset; rights confirmation required.,7e01aa0c9b0e6fd1d138e0683adeb99a9f6a6b8c75bd4aa925642ee819ab4ca6
nw-69007eca93a2,oliver,Tour De France x Toyota,web-ready,Alternate gallery still,assets/web-ready/images/oliver/tour-de-france/gallery-frame-5-1.webp,assets/source/oliver/tour-de-france/gallery-frame-5-1.webp,webp,1240,698,,1240 × 698,https://oliverhamilton.com/project/tour-de-france/,https://oliverhamilton.com/wp-content/uploads/2025/01/Frame-5_1_11zon.webp,normalized/extracted WebP derivative,owner-review;replace-with-approved-master,prototype-only,Public page asset; rights confirmation required.,eb72f64496a52b2f94110c6453968e3655420fddf108e2bf7596d6a7ec45979e
nw-efc46e606ca1,oliver,Tour De France x Toyota,web-ready,Gallery still,assets/web-ready/images/oliver/tour-de-france/still-frame-60.webp,assets/source/oliver/tour-de-france/still-frame-60.png,webp,1240,698,,1240 × 698,https://oliverhamilton.com/project/tour-de-france/,https://oliverhamilton.com/wp-content/uploads/2025/01/Frame-60.png,normalized/extracted WebP derivative,owner-review;replace-with-approved-master,prototype-only,Public page asset; rights confirmation required.,3dcddfe14d8da19611c2ab8eecb9bbffa81f2a96f7d2f3f106b87113bb9017e4
nw-b81566592e15,oliver,Tour De France x Toyota,web-ready,Gallery still,assets/web-ready/images/oliver/tour-de-france/still-frame-61.webp,assets/source/oliver/tour-de-france/still-frame-61.png,webp,1240,698,,1240 × 698,https://oliverhamilton.com/project/tour-de-france/,https://oliverhamilton.com/wp-content/uploads/2025/01/Frame-61.png,normalized/extracted WebP derivative,owner-review;replace-with-approved-master,prototype-only,Public page asset; rights confirmation required.,7fceedb8b1c885abfbcfc51b7e744fcaa142609ffb2525f087fe8dc724f87781
nw-55b2c6421bea,oliver,Tour De France x Toyota,web-ready,Gallery still,assets/web-ready/images/oliver/tour-de-france/still-frame-62.webp,assets/source/oliver/tour-de-france/still-frame-62.png,webp,1240,698,,1240 × 698,https://oliverhamilton.com/project/tour-de-france/,https://oliverhamilton.com/wp-content/uploads/2025/01/Frame-62.png,normalized/extracted WebP derivative,owner-review;replace-with-approved-master,prototype-only,Public page asset; rights confirmation required.,79d6ef311520d3a364ff5c1939dc34e89b42c3a3f59f35d90e5c8d6e4d8e006b
nw-c531936e3951,oliver,Tour De France x Toyota,web-ready,Gallery still,assets/web-ready/images/oliver/tour-de-france/still-frame-63.webp,assets/source/oliver/tour-de-france/still-frame-63.png,webp,1240,698,,1240 × 698,https://oliverhamilton.com/project/tour-de-france/,https://oliverhamilton.com/wp-content/uploads/2025/01/Frame-63.png,normalized/extracted WebP derivative,owner-review;replace-with-approved-master,prototype-only,Public page asset; rights confirmation required.,c954e9d2f314a3abb3ce7b0eac7ead7d8a6291dd3aaafc793d0ebfbb676e92bf
nw-e0e86c3e0b51,anjali,Adobe — What Whack Wears,web-ready,Gallery preview cut,assets/web-ready/video-previews/anjali/adobe-what-whack-wears-gallery-cut-08s.mp4,assets/source/anjali videos/what_whack_wears_case_study (1080p).mp4,h264,960,540,8.008000,,https://arao.squarespace.com/new-page-10/,https://vimeo.com/720040595,Silent short gallery cut from the supplied source film,owner-review,prototype-only,Supplied for this build; full project playback uses Vimeo and the local master stays outside public.,62c6cc38966a6f5bd62766c0694ba3e5679d586bec63746bd3c13dc18b978418
nw-76fc500997cb,anjali,Rakuten — Duet,web-ready,Gallery preview cut,assets/web-ready/video-previews/anjali/rakuten-duet-gallery-cut-08s.mp4,assets/source/anjali videos/rakuten__duet (1080p).mp4,h264,960,540,8.008000,,https://arao.squarespace.com/rakuten-produced/,https://vimeo.com/479336941,Silent short gallery cut from the supplied source film,owner-review,prototype-only,Supplied for this build; full project playback uses Vimeo and the local master stays outside public.,e69dbda282a16d8e1eb7bef42fcf82af77f33d0e217d52ec30ed85ec64533223
nw-56eb25249ef3,anjali,Stella Artois — Daydream,web-ready,Gallery preview cut,assets/web-ready/video-previews/anjali/stella-artois-daydream-gallery-cut-06s.mp4,assets/source/anjali videos/liev_schreiber_-_daydream_stella_artois (1080p).mp4,h264,960,540,6.006000,,https://arao.squarespace.com/stella-produced/,https://vimeo.com/439413250,Silent short gallery cut from the supplied source film,owner-review,prototype-only,Supplied for this build; full project playback uses Vimeo and the local master stays outside public.,58b4f6ab6648e9b293fab8fa639bfb5e1b278b61aae25989a54de102397dd17b
nw-dfe7caa8a58d,michael,Brava,web-ready,working MP4 extract,assets/web-ready/video-previews/michael/michael_brava_clip.mp4,assets/source/michael/michael_brava_clip.mp4,h264,960,960,6.000000,1080×1080; 6.0 s,https://newwork.agency/,https://images.squarespace-cdn.com/content/v1/62a2b5a7ed430f307ef60a37/a3cc085e-b26d-4d7f-aec1-100d7e344035/brava-gif.gif,web-ready copy,owner-review;replace-with-approved-master,prototype-only,Working web extract; request the original master for production.,b7f40b9cc11253196f2532e98ecd6ee479aedf7444112dbf9345b9f4e913e010
nw-1a608341e683,michael,Unnamed native portfolio video,web-ready,working MP4 extract,assets/web-ready/video-previews/michael/michael_native_portfolio_video_clip.mp4,assets/source/michael/michael_native_portfolio_video_clip.mp4,h264,640,360,8.008000,640×360; 8.008 s,https://newwork.agency/,https://video.squarespace-cdn.com/content/v1/62a2b5a7ed430f307ef60a37/559c4520-7336-431b-bd72-8ba8ab4c7c78/playlist.m3u8,web-ready copy,owner-review;replace-with-approved-master,prototype-only,Portfolio metadata gives an 88.5885 s source at 16:9 but supplies no title or client. Confirm the project before use.,9f241a86ae9ffb250df45bbd22fbf8f23bcbdbaa1b9bbec7e5d52fe9957a7ff9
nw-0620f011ea44,michael,Native — stop motion,web-ready,working MP4 extract,assets/web-ready/video-previews/michael/michael_native_stop_motion_clip.mp4,assets/source/michael/michael_native_stop_motion_clip.mp4,h264,960,960,6.000000,1080×1080; 6.0 s,https://newwork.agency/,https://images.squarespace-cdn.com/content/v1/62a2b5a7ed430f307ef60a37/acf7abef-3426-4f4e-b295-229bf6b016f8/NATIVE_Stop_Motion_02_Working_1920x1080.gif,web-ready copy,owner-review;replace-with-approved-master,prototype-only,Working web extract; request the original master for production.,d0aa07849223dad83832e6bea2fb8ade0e9c85cb5e9a33e046366b2836478c57
nw-aecceda922b6,michael,Specialized Globe,web-ready,working MP4 extract,assets/web-ready/video-previews/michael/michael_specialized_globe_clip.mp4,assets/source/michael/michael_specialized_globe_clip.mp4,h264,960,960,6.000000,1080×1080; 6.0 s,https://newwork.agency/,https://images.squarespace-cdn.com/content/v1/62a2b5a7ed430f307ef60a37/8527f002-8e20-4777-a59a-d4dae847d8c3/2022-9-25-SPECIALIZED-GLOBE0812.gif,web-ready copy,owner-review;replace-with-approved-master,prototype-only,Working web extract; request the original master for production.,9aae66497755fbf9939f6f8e62f546e174a60907729ca3c1793061cbc4e73e3d
nw-edacf9c30aee,oliver,"Humu — Make Work Better, Holly",web-ready,Gallery preview cut,assets/web-ready/video-previews/oliver/humu-meet-holly/gallery-cut-08s.mp4,assets/source/oliver videos/humu_vignette_#2 (1080p).mp4,h264,960,540,8.000000,,https://oliverhamilton.com/project/humu-meet-holly/,https://vimeo.com/790211466,Silent short gallery cut from the supplied source film,owner-review,prototype-only,Supplied for this build; confirm final web-use approval before production.,a9acb6b65999ead1131f90a316f001a19b146e2558ce120f791f6f9a9f9c2260
nw-29f02443529c,oliver,"Humu — Make Work Better, Holly",web-ready,Derived motion placeholder,assets/web-ready/video-previews/oliver/humu-meet-holly/motion-placeholder-08s.mp4,assets/source/oliver/humu-meet-holly/motion-placeholder-08s.mp4,h264,960,540,8.000000,960 × 540; 8.0 s; 30 fps; silent,https://oliverhamilton.com/project/humu-meet-holly/,https://vimeo.com/790211466,web-ready copy,owner-review;replace-with-approved-master,prototype-only;not-source-film,"Internal build placeholder, not a source-video extract. Replace before launch.",ef497f3e0782b8a91d7925b5bbe57cace600e6e18b1a5eb467fb47c2703af19d
nw-0331ab716189,oliver,Mercury — An Unexpected Life,web-ready,Gallery preview cut,assets/web-ready/video-previews/oliver/mercury-helen-mayer/gallery-cut-08s.mp4,assets/source/oliver videos/an_unexpected_life___helen_mayer (1080p).mp4,h264,960,540,8.000000,,https://oliverhamilton.com/project/mercury-helen-mayer/,https://vimeo.com/867257158,Silent short gallery cut from the supplied source film,owner-review,prototype-only,Supplied for this build; confirm final web-use approval before production.,b983efc1fa390ece5c46647b81d4c25f4f81e36b528ec1b58a4dc008213bedee
nw-0b02c0203556,oliver,Mercury — An Unexpected Life,web-ready,Derived motion placeholder,assets/web-ready/video-previews/oliver/mercury-helen-mayer/motion-placeholder-08s.mp4,assets/source/oliver/mercury-helen-mayer/motion-placeholder-08s.mp4,h264,960,540,8.000000,960 × 540; 8.0 s; 30 fps; silent,https://oliverhamilton.com/project/mercury-helen-mayer/,https://vimeo.com/867257158,web-ready copy,owner-review;replace-with-approved-master,prototype-only;not-source-film,"Internal build placeholder, not a source-video extract. Replace before launch.",63f24b6d5cc0d84a8d35eeadb2d48fbb2b2b576a3fcbdf7246cf505e7536d4f0
nw-6ee3a54df554,oliver,Mercury — One of the Greats,web-ready,Gallery preview cut,assets/web-ready/video-previews/oliver/mercury-josh-fabian/gallery-cut-08s.mp4,assets/source/oliver videos/one_of_the_greats___josh_fabian (1080p).mp4,h264,960,540,8.000000,,https://oliverhamilton.com/project/mercury-josh-fabian/,https://vimeo.com/867257700,Silent short gallery cut from the supplied source film,owner-review,prototype-only,Supplied for this build; confirm final web-use approval before production.,292f4a0886af8dccc95c84cdf9c38d61138dbcc82525b14b5abc14fab70bfff4
nw-1cee8d134665,oliver,Mercury — One of the Greats,web-ready,Derived motion placeholder,assets/web-ready/video-previews/oliver/mercury-josh-fabian/motion-placeholder-08s.mp4,assets/source/oliver/mercury-josh-fabian/motion-placeholder-08s.mp4,h264,960,540,8.000000,960 × 540; 8.0 s; 30 fps; silent,https://oliverhamilton.com/project/mercury-josh-fabian/,https://vimeo.com/867257700,web-ready copy,owner-review;replace-with-approved-master,prototype-only;not-source-film,"Internal build placeholder, not a source-video extract. Replace before launch.",cfb00bcf646e65ece85d7c70c06fa1abad9d53d3f611369738310755fc70feb7
nw-e6b5198de7bb,oliver,Olympics & Toyota — In Due Time,web-ready,Gallery preview cut,assets/web-ready/video-previews/oliver/olympics-toyota-alex-massailas/gallery-cut-08s.mp4,assets/source/oliver videos/in_due_time_-_toyota_x_olympics (1440p).mp4,h264,960,540,8.000000,,https://oliverhamilton.com/project/olympics-toyota-alex-massailas/,https://vimeo.com/477261846,Silent short gallery cut from the supplied source film,owner-review,prototype-only,Supplied for this build; confirm final web-use approval before production.,ce0196581d17254d2e7aca2521f0459be13bfa90cd750425be78353eda70258c
nw-f87716c0b8c8,oliver,Olympics & Toyota — In Due Time,web-ready,Derived motion placeholder,assets/web-ready/video-previews/oliver/olympics-toyota-alex-massailas/motion-placeholder-08s.mp4,assets/source/oliver/olympics-toyota-alex-massailas/motion-placeholder-08s.mp4,h264,960,540,8.000000,960 × 540; 8.0 s; 30 fps; silent,https://oliverhamilton.com/project/olympics-toyota-alex-massailas/,https://vimeo.com/477261846,web-ready copy,owner-review;replace-with-approved-master,prototype-only;not-source-film,"Internal build placeholder, not a source-video extract. Replace before launch.",08d2496f171302714a6ebb6916cbb36071841d0b90dd734c3d88e8aae512cb11
nw-7433c49ee87e,oliver,Tour De France x Toyota,web-ready,Gallery preview cut,assets/web-ready/video-previews/oliver/tour-de-france/gallery-cut-08s.mp4,assets/source/oliver videos/toyota_-_tour_de_france (1080p).mp4,h264,960,540,8.000000,,https://oliverhamilton.com/project/tour-de-france/,https://vimeo.com/758886121,Silent short gallery cut from the supplied source film,owner-review,prototype-only,Supplied for this build; confirm final web-use approval before production.,f51a8a077a4b6d609c3b823d667c9255bbdba48f7e1111c0b613b21788ec120d
nw-aeaf18296272,oliver,Tour De France x Toyota,web-ready,Derived motion placeholder,assets/web-ready/video-previews/oliver/tour-de-france/motion-placeholder-08s.mp4,assets/source/oliver/tour-de-france/motion-placeholder-08s.mp4,h264,960,540,8.000000,960 × 540; 8.0 s; 30 fps; silent,https://oliverhamilton.com/project/tour-de-france/,https://vimeo.com/758886121,web-ready copy,owner-review;replace-with-approved-master,prototype-only;not-source-film,"Internal build placeholder, not a source-video extract. Replace before launch.",1f7428caeb444b4a27ba4cf0c0644a83f6b41af0527a15fb3a4a0b8cf29b45c3
